sNo,cNo,JobTitle,FName,LName
1,1,Pilot,John,Smith
2,1,Co-Pilot,Joseph,Hernandez
3,1,Flight Attendant,Jameson,Johnson
4,1,Flight Attendant,Robert,Williams
5,1,Flight Attendant,Cindy,Johnson
6,1,Flight Attendant,Katy,Walker
7,1,Grounds Crew,Emily,Smith
8,1,Grounds Crew,Michael,Williams
9,1,Grounds Crew,David,Jones
10,1,Grounds Crew,Christopher,Miller
11,2,Pilot,Matthew,Anderson
12,2,Co-Pilot,Andrew,Taylor
13,2,Flight Attendant,Joshua,Thomas
14,2,Flight Attendant,Andrew,Moore
15,2,Flight Attendant,Justin,Miller
16,2,Flight Attendant,Robert,White
17,2,Grounds Crew,Jason,Clark
18,2,Grounds Crew,James,King
19,2,Grounds Crew,John,Robinson
20,2,Grounds Crew,Joseph,Allen
21,3,Pilot,David,Young
22,3,Co-Pilot,Jason,King
23,3,Flight Attendant,Christopher,Wright
24,3,Flight Attendant,Joseph,Scott
25,3,Flight Attendant,Ellie,Green
26,3,Flight Attendant,Matthew,Adams
27,3,Grounds Crew,Robert,Baker
28,3,Grounds Crew,David,Allen
29,3,Grounds Crew,Matthew,Robinson
30,3,Grounds Crew,Christopher,Clark
31,4,Pilot,Christopher,Robinson
32,4,Co-Pilot,Matthew,King
33,4,Flight Attendant,Donald,Scott
34,4,Flight Attendant,Robert,Green
35,4,Flight Attendant,Bennette,Adams
36,4,Flight Attendant,James,Wright
37,4,Grounds Crew,Matthew,Allen
38,4,Grounds Crew,Robert,Young
39,4,Grounds Crew,David,King
40,4,Grounds Crew,Christopher,Welch
41,5,Pilot,Christopher,King
42,5,Co-Pilot,Matthew,Cody
43,5,Flight Attendant,Graysen,Sanders
44,5,Flight Attendant,Jamie,Jester
45,5,Flight Attendant,Jenny,Smith
46,5,Flight Attendant,James,Jefferson
47,5,Grounds Crew,Robert,Johnson
48,5,Grounds Crew,Davey,Williams
49,5,Grounds Crew,Christopher,Jones
50,5,Grounds Crew,Matthew,Miller
